game_name,game_genres,game_image,game_release_date,game_price,playtime_at_review
ACE COMBAT™ 7: SKIES UNKNOWN,"Action, Simulation",https://shared.akamai.steamstatic.com/store_item_assets/steam/apps/502500/header.jpg?t=1703657041,2019-01-31,5480.0,28.0
Apex Legends™,"Action, Adventure, Free To Play",https://shared.akamai.steamstatic.com/store_item_assets/steam/apps/1172470/header.jpg?t=1727104892,2020-11-04,0.0,689.0
Ara: History Untold,Strategy,https://shared.akamai.steamstatic.com/store_item_assets/steam/apps/2021880/header.jpg?t=1727193867,2024-09-24,59900.0,5.0
Black Myth: Wukong,"Action, Adventure, RPG",https://shared.akamai.steamstatic.com/store_item_assets/steam/apps/2358720/header.jpg?t=1725007201,2024-08-19,64800.0,53.0
Core Keeper,"Adventure, Casual, Indie, RPG",https://shared.akamai.steamstatic.com/store_item_assets/steam/apps/1621690/header.jpg?t=1725299065,2024-08-27,21500.0,63.0
Counter-Strike 2,"Action, Free To Play",https://shared.akamai.steamstatic.com/store_item_assets/steam/apps/730/header.jpg?t=1719426374,2012-08-21,0.0,518.0
Crusader Kings III,"RPG, Simulation, Strategy",https://shared.akamai.steamstatic.com/store_item_assets/steam/apps/1158310/header_alt_assets_5.jpg?t=1727193758,2020-09-01,16500.0,255.0
Cyberpunk 2077,RPG,https://shared.akamai.steamstatic.com/store_item_assets/steam/apps/1091500/header.jpg?t=1726188854,2020-12-09,37990.5,70.0
DJMAX RESPECT V,"Action, Casual, Sports",https://shared.akamai.steamstatic.com/store_item_assets/steam/apps/960170/header.jpg?t=1724069349,2020-03-11,49800.0,38.0
DRAGON QUEST® XI S: Echoes of an Elusive Age™ - Definitive Edition,"Adventure, RPG",https://shared.akamai.steamstatic.com/store_item_assets/steam/apps/1295510/header.jpg?t=1727228467,2020-12-04,24900.0,78.0
Diablo® IV,"Action, RPG",https://shared.akamai.steamstatic.com/store_item_assets/steam/apps/2344520/header.jpg?t=1724262498,2023-10-17,62400.0,89.0
EA SPORTS FC™ 25,"Simulation, Sports",https://shared.akamai.steamstatic.com/store_item_assets/steam/apps/2669320/header.jpg?t=1724359060,2024-09-26,80000.0,20.0
ELDEN RING,"Action, RPG",https://shared.akamai.steamstatic.com/store_item_assets/steam/apps/1245620/header.jpg?t=1726158298,2022-02-24,45360.0,120.0
Eternal Return,"Indie, Strategy, Free To Play",https://shared.akamai.steamstatic.com/store_item_assets/steam/apps/1049590/header.jpg?t=1727152042,2023-07-19,0.0,47.0
FINAL FANTASY VII REMAKE INTERGRADE,"Action, Adventure, RPG",https://shared.akamai.steamstatic.com/store_item_assets/steam/apps/1462040/header.jpg?t=1725001967,2022-06-17,2230.0,21.0
FINAL FANTASY XVI,"Action, RPG",https://shared.akamai.steamstatic.com/store_item_assets/steam/apps/2515020/header.jpg?t=1726590088,2024-09-17,63640.49999999999,27.0
Frostpunk 2,"Simulation, Strategy",https://shared.akamai.steamstatic.com/store_item_assets/steam/apps/1601580/header_alt_assets_2.jpg?t=1727166144,2024-09-20,47000.0,16.0
God of War Ragnarök,"Action, Adventure, RPG",https://shared.akamai.steamstatic.com/store_item_assets/steam/apps/2322010/header.jpg?t=1726774417,2024-09-19,77987.0,22.0
Grand Theft Auto V,"Action, Adventure",https://shared.akamai.steamstatic.com/store_item_assets/steam/apps/271590/header.jpg?t=1726606628,2015-04-13,0.0,110.0
Grounded,"Action, Adventure",https://shared.akamai.steamstatic.com/store_item_assets/steam/apps/962130/header.jpg?t=1715361019,2022-09-27,19950.0,47.0
Gunfire Reborn,"Action, Adventure, Indie, RPG",https://shared.akamai.steamstatic.com/store_item_assets/steam/apps/1217060/header.jpg?t=1726638752,2021-11-17,13320.0,81.0
Human Fall Flat,"Adventure, Casual, Indie, Simulation",https://shared.akamai.steamstatic.com/store_item_assets/steam/apps/477160/header_alt_assets_9.jpg?t=1727151550,2016-07-22,20500.0,14.0
Monster Hunter: World,Action,https://shared.akamai.steamstatic.com/store_item_assets/steam/apps/582010/header.jpg?t=1711328912,2018-08-08,11480.0,200.0
Overwatch® 2,"Action, Free To Play",https://shared.akamai.steamstatic.com/store_item_assets/steam/apps/2357570/header.jpg?t=1726596125,2023-08-10,0.0,108.0
PUBG: BATTLEGROUNDS,"Action, Adventure, Massively Multiplayer, Free To Play",https://shared.akamai.steamstatic.com/store_item_assets/steam/apps/578080/header.jpg?t=1726725837,2017-12-21,0.0,729.0
Palworld,"Action, Adventure, Indie, RPG, Early Access",https://shared.akamai.steamstatic.com/store_item_assets/steam/apps/1623730/header.jpg?t=1726541007,2024-01-18,37040.5,84.0
Party Animals,"Action, Casual, Indie",https://shared.akamai.steamstatic.com/store_item_assets/steam/apps/1260320/header_alt_assets_2.jpg?t=1726828129,2023-09-20,5.25,29.0
Phoenix Wright: Ace Attorney Trilogy,Adventure,https://shared.akamai.steamstatic.com/store_item_assets/steam/apps/787480/header.jpg?t=1712623869,2019-04-09,11480.0,44.0
Project Zomboid,"Indie, RPG, Simulation, Early Access",https://shared.akamai.steamstatic.com/store_item_assets/steam/apps/108600/header.jpg?t=1691508011,2013-11-08,25987.0,178.0
ROMANCE OF THE THREE KINGDOMS XIV,Simulation,https://shared.akamai.steamstatic.com/store_item_assets/steam/apps/872410/header.jpg?t=1726557198,2020-01-15,38880.0,162.0
SANABI,"Action, Adventure, Indie",https://shared.akamai.steamstatic.com/store_item_assets/steam/apps/1562700/header.jpg?t=1726714438,2023-11-08,15500.0,11.0
Satisfactory,"Adventure, Indie, Simulation, Strategy",https://shared.akamai.steamstatic.com/store_item_assets/steam/apps/526870/header_alt_assets_2.jpg?t=1727083816,2024-09-10,42000.0,144.0
Stardew Valley,"Indie, RPG, Simulation",https://shared.akamai.steamstatic.com/store_item_assets/steam/apps/413150/header.jpg?t=1711128146,2016-02-26,16000.0,146.0
Street Fighter™ 6,"Action, Adventure",https://shared.akamai.steamstatic.com/store_item_assets/steam/apps/1364780/header.jpg?t=1727156844,2023-06-01,34900.0,194.0
TRIANGLE STRATEGY,"RPG, Simulation, Strategy",https://shared.akamai.steamstatic.com/store_item_assets/steam/apps/1850510/header.jpg?t=1684736535,2022-10-13,27920.0,53.0
The Forever Winter,"Action, Early Access",https://shared.akamai.steamstatic.com/store_item_assets/steam/apps/2828860/header.jpg?t=1727232384,2024-09-24,28800.0,3.0
The Sims™ 4,"Adventure, Casual, Simulation, Free To Play",https://shared.akamai.steamstatic.com/store_item_assets/steam/apps/1222670/header.jpg?t=1726769336,2020-06-18,0.0,714.0
Tiny Glade,"Casual, Indie, Simulation",https://shared.akamai.steamstatic.com/store_item_assets/steam/apps/2198150/header.jpg?t=1727200708,2024-09-23,16562.0,4.0
"Warhammer 40,000: Space Marine 2","Action, Adventure, RPG",https://shared.akamai.steamstatic.com/store_item_assets/steam/apps/2183900/header.jpg?t=1726768387,2024-09-10,3199.0,32.0
