,review_id,author_steam_id,app_id,review_text,review_score,timestamp_created,timestamp_updated,helpful_count,funny_count,comment_count,language,playtime_forever,playtime_last_two_weeks,steam_purchase,received_for_free,early_access
0,175423529,76561197977835531,570,I'd say it's pretty good,True,1726891515,1726891515,0,0,0,english,281281,3681,,False,False
1,174776049,76561198066800953,570,good game well played,True,1726118507,1726118507,0,0,0,schinese,497517,1053,,False,False
2,174636484,76561198044032868,570,dotr,True,1725932814,1725932814,0,0,0,english,12758,2259,,False,False
3,174409641,76561198061692660,570,I love all cultures and respect all people,True,1725683268,1725683268,0,0,2,english,188301,1019,,False,False
4,174401261,76561197990444788,570,"Jogo muito divertido para manter a amizade com os amigos.
",True,1725673157,1725673157,1,0,0,brazilian,268838,928,,False,False
5,174386380,76561198078022684,570,nice game thx volvo,True,1725654970,1725654970,0,0,0,russian,152192,629,,False,False
6,173140241,76561198081729353,570,"И так все все знают. Тысячи часов в никуда. Удалил, первый раз на 7 лет, сейчас второй раз удаляю.",False,1724445356,1724445356,1,0,0,russian,257015,1184,,False,False
7,173107550,76561198039003055,570,"Игра отличная, многолетняя поддержка, частый новый контент и герои. Если игнорировать негатив от игроков, то играть интересно и увлекательно. Бесконечное количество связок и тактик персонажей.",True,1724424445,1724424445,0,0,0,russian,132002,2479,,True,False
8,172679739,76561198080144856,570,ty,True,1724171390,1724171390,1,0,0,english,327673,0,,False,False
9,172610678,76561198041489018,570,"no
",False,1724157532,1724157532,0,0,0,russian,604023,2276,,False,False
10,172216875,76561198081307257,570,Uma terapia!!!,True,1723773321,1723773321,0,0,0,brazilian,251989,4134,,False,False
11,171917944,76561198065746435,570,"Заходишь в любой матч, сначала запретят героя на котором хочешь поиграть, а если запрета нет, пикаешь и тебе пишут ""На этом герое хочет играть другой игрок"" идите в очко с таким отношением
",False,1723404939,1723404939,0,0,0,russian,465728,84,,False,False
12,170236326,76561198044549460,570,Get in here!,True,1721391008,1721391008,0,0,0,english,165623,1962,,False,False
13,170161360,76561198079845144,570,Made me racist,True,1721307863,1721307863,0,0,0,english,46783,0,,False,False
14,170106791,76561198067239382,570,"Эта игра отнимает много времени, нервов, сил, энергии, внимания и может полностью поглотить вашу жизнь.
80% пройгрышей это норма. Выйграть не получается, команды противника играют как профессионалы, в чём логика подбора игроков в команде я не понимаю, у меня в команде вечно какие-то слабаки. 100% потраченное время.",False,1721244330,1721244330,2,0,0,russian,251042,1164,,True,False
15,169882584,76561198008820073,570,"Classic
",True,1720992065,1720992065,0,0,0,english,120815,10075,,False,False
16,169645306,76561198047703900,570,trash,True,1720750326,1720750326,0,0,0,english,136722,517,,False,False
17,169587393,76561198092693228,570,ODEIO TIMBERSAW ODEIO TIMBERSAW ODEIO TIMBERSAW ODEIO TIMBERSAW ODEIO TIMBERSAW ODEIO TIMBERSAW ODEIO TIMBERSAW ODEIO TIMBERSAW ODEIO TIMBERSAW ODEIO TIMBERSAW ODEIO TIMBERSAW ODEIO TIMBERSAW ODEIO TIMBERSAW ODEIO TIMBERSAW ODEIO TIMBERSAW ODEIO TIMBERSAW ODEIO TIMBERSAW ODEIO TIMBERSAW ODEIO TIMBERSAW ODEIO TIMBERSAW ODEIO TIMBERSAW ODEIO TIMBERSAW ODEIO TIMBERSAW ODEIO TIMBERSAW ODEIO TIMBERSAW ODEIO TIMBERSAW ODEIO TIMBERSAW ODEIO TIMBERSAW ODEIO TIMBERSAW ODEIO TIMBERSAW ODEIO TIMBERSAW ODEIO TIMBERSAW ODEIO TIMBERSAW ODEIO TIMBERSAW ODEIO TIMBERSAW ODEIO TIMBERSAW ODEIO TIMBERSAW ODEIO TIMBERSAW ODEIO TIMBERSAW ODEIO TIMBERSAW ODEIO TIMBERSAW ODEIO TIMBERSAW ODEIO TIMBERSAW ODEIO TIMBERSAW ODEIO TIMBERSAW ODEIO TIMBERSAW ODEIO TIMBERSAW ODEIO TIMBERSAW ODEIO TIMBERSAW ODEIO TIMBERSAW ODEIO TIMBERSAW ODEIO TIMBERSAW ODEIO TIMBERSAW ODEIO TIMBERSAW ODEIO TIMBERSAW ODEIO TIMBERSAW ODEIO TIMBERSAW ODEIO TIMBERSAW ODEIO TIMBERSAW ODEIO TIMBERSAW ODEIO TIMBERSAW ODEIO TIMBERSAW ODEIO TIMBERSAW ODEIO TIMBERSAW ODEIO TIMBERSAW ODEIO TIMBERSAW ODEIO TIMBERSAW ODEIO TIMBERSAW ODEIO TIMBERSAW ODEIO TIMBERSAW ODEIO TIMBERSAW ODEIO TIMBERSAW ODEIO TIMBERSAW ODEIO TIMBERSAW ODEIO TIMBERSAW ODEIO TIMBERSAW ODEIO TIMBERSAW ODEIO TIMBERSAW ODEIO TIMBERSAW ODEIO TIMBERSAW ODEIO TIMBERSAW ODEIO TIMBERSAW ODEIO TIMBERSAW ODEIO TIMBERSAW ODEIO TIMBERSAW ODEIO TIMBERSAW ODEIO TIMBERSAW ODEIO TIMBERSAW ODEIO TIMBERSAW ODEIO TIMBERSAW ODEIO TIMBERSAW ODEIO TIMBERSAW ODEIO TIMBERSAW ODEIO TIMBERSAW ODEIO TIMBERSAW ODEIO TIMBERSAW ODEIO TIMBERSAW ODEIO TIMBERSAW ODEIO TIMBERSAW ODEIO TIMBERSAW ODEIO TIMBERSAW ODEIO TIMBERSAW,True,1720699603,1720699603,0,1,0,brazilian,44123,0,,False,False
18,169511185,76561198074646957,570,玩就行了,True,1720623674,1720623674,0,0,0,schinese,243119,2512,,False,False
19,169215482,76561197989732093,570,Volvo game ist gut wer LoL mag mag das warscheinlich auch,True,1720339849,1720339849,0,0,0,german,110,0,,False,False
20,168839246,76561198016393294,570,Yes,True,1719971664,1719971664,0,0,0,english,5605,0,,False,False
21,168750089,76561198076315397,570,dood,True,1719895092,1719895092,0,0,0,schinese,183937,956,,False,False
22,168443045,76561198038741501,570,Не портите нервы,False,1719613409,1719613409,0,0,0,russian,195876,1128,,False,False
23,168041693,76561198006766090,570,Fun Game,True,1719178250,1719178250,0,0,0,english,37325,0,,False,False
24,167553723,76561198036390516,570,"Если вы не готовы страдать и испытываете мучения от проигрышей, то это не для вас. Особенно, если вам не нравятся токсичные дети",False,1718619409,1718619409,0,0,0,russian,340006,1874,,False,False
25,167535128,76561198080821799,570,"the reason why dota 2 is losing agains LOL is, you cant use any communication. you get reportet for no reason in every game and the communicatioin in games like this, is the most important thing. this is why DOTA 2 will die and lol will wins. RIP DOTA 2",False,1718588722,1718588722,0,0,0,german,295336,0,,False,False
26,167501110,76561198037811773,570,10/10,True,1718551153,1718551153,0,0,0,english,126938,2535,,False,False
27,167179129,76561197989485118,570,"I use to play this game religiously for years.  I just recently stated playing again after a couple years gone.  I got punished for leaving a a game that was a stomp.  They put me in a low priority que.  I waited over 1 HOUR, and still no games.  That is not how you treat costumers you wanna keep.  No game should have wait times of even 10-15 min, let alone over an hour.  I will deleteing for good.  Good-bye!",False,1718144304,1718144304,0,0,1,english,268325,3467,,False,False
28,166956206,76561198094426584,570,Da,True,1717871881,1717871881,0,0,0,russian,97319,1769,,False,False
29,166887361,76561198058964127,570,"After > 10 years - 100500 bugs!

Hmmm....I'm changing my mind.... It's even worse, I play for 30 minutes, it disconnects me, I try to return - it won't let me in. Then they take away my decency and block me from searching for a game.",False,1717791822,1721051163,0,0,0,russian,163493,0,,True,False
30,166756492,76561197977773980,570,I hate this game as much as it hates me,False,1717618578,1717618578,0,0,0,english,107027,0,,False,False
31,166654194,76561198080258378,570,единственный плюс этой игры в том что ее можно удалить,False,1717497292,1717497292,0,0,0,russian,171740,0,,False,False
32,166629490,76561197992388083,570,"Toxic game full of nec*beards. Do not play this.
10/10 would spend 5k hours on toxic game again",False,1717459945,1717459945,0,0,0,english,342484,3283,,False,False
33,166547816,76561198058461523,570,"A lot of terrible people play this game.  The game itself is awesome and when you find good people to play with there is very few better experiences,",True,1717352946,1717352946,32,3,0,english,679318,291,,False,False
34,166481520,76561198088565569,570,牛逼的游戏。,True,1717269161,1717269161,0,0,0,schinese,171200,0,,False,False
35,166432268,76561198010938630,570,Jogo top!,True,1717207121,1717207121,0,0,0,brazilian,131493,2057,,False,False
36,166261468,76561198054755212,570,пидарасы больные из за нового патча выкидывает во время игры и не  дает вернуться я мать ебал вашу и за за вас я долже лп мыть и порядочность хуесосы больные дети шлюх чтоб каждый из вас умер в муках,False,1716965278,1716965278,0,0,0,russian,316567,251,,False,False
37,166193765,76561198086301638,570,"Jogo com muitos Bugs e a cada atualização é necessário desinstalar e instalar novamente.
",False,1716859673,1716859673,1,0,1,brazilian,473501,0,,True,False
38,166088289,76561198061684118,570,每次我走过树林的时候 总觉得斧王要跳过来吼我,True,1716714268,1716714268,0,0,0,schinese,252310,3451,,False,False
39,166070441,76561197988749662,570,"Ja não bastasse esse desequilibrio entre os herois, ainda fizeram esse novo sistema de escolher skill, dota ficou um lixo, desinstalei e não volto a jogar mais",False,1716686717,1716686717,2,0,0,english,118287,1081,,False,False
40,165999960,76561198011612795,570,"I've been playing Dota 2 for 12 years now, off and on throughout my life it is one of the few constants. In high school, my friends and I spent many nights playing when there was only one courier. In college I played once or twice a year on my rented laptop from school. During the pandemic It was a way for my brothers and I to connect when we couldn't actually visit each other. It holds a great place in my life.

[h3]The Good[/h3]
- Gameplay is dynamic, engaging and rewarding once you get the hang of it. There are so many moving parts that when you make your first big play, there is very little that can match the feeling of satisfaction when played just right. 
- Flourishing Pro Scene: If you want to get better there are countless new and old pro players that stream or release content on Youtube to help you improve, and often times Discord chats to find players to play with.
- Semi Consistent Updates: They just released one of the biggest updates the game has seen since Talents were released in 2016, or neutral items were released in 2019, or when they DOUBLED the size of the map in 2022. Valve isn't afraid to experiment with this game, and while you can get stuck on a single patch for a long time, you can always know that Valve Devs are working on something truly different to add.

[h3]Negatives[/h3]
- Mental Health: This is a team game. I love it for that, but playing with others can be frustrating and demoralizing. You can also find yourself ""chain queuing"" which after multiple losses can really effect your mood outside the game. My girlfriend and I have a rule that I cant start a game after 10pm because if i lose badly sometimes I will be too angry to fall asleep or talk before bed. You have to find these ways to look inward yourself, and without barriers it can really negatively impact you.
- The Community: I said it a bit above, but if you're new to online games there is so much racism, sexism, anger etc. I've met really great people playing dota, but the brain tends to remember the bad eggs. Remember there is a mute button.
- Communication from Valve: There can be crickets from valve sometimes. They ARE working on stuff, but if you read reddit to much you can get a bit riled for no reason.

Overall, best game I've ever played by a long margin.",True,1716594963,1716595474,1,0,0,english,208653,104,,False,False
41,165999199,76561198070902474,570,"Great fun game if you've got friends and play around at lower ranks trying stuff out. However, this game has one of the most toxic fanbases in existence, second only to maybe LoL. If you intend on playing solo, do your sanity a favor and just avoid this game like the plague. You will be flamed, griefed, have slurs screamed at you, etc. if these players perceive even a microsecond of sub-optimal play.",False,1716593662,1716593662,1,0,0,english,72172,1984,,False,False
42,165997607,76561198068956281,570,"Предел!!!!   После последнего обновления, мало того что не пофиксили баг со входом в игру, так еще из за ошибки разработчиков, вас будут наказывать за то,что игра не грузится!!!!  Лично мой пример: Играл 2 игры, с горем пополам заргужался через штраф 2 минуты. после чего вообще выкидывает после принятия игры. подождал 2 мин, потом 5 мин, потом 30 и ничего не меняется!!!! игру принимаешь, потом выкидывает и ты в бане. Рекомендую бежать!!!! Играйте в любые другие игры (цензура). Что угодно, но только не в это подобие легендарной игры, где из за ошибок разработчиков, страдают рядовые игроки!!!!     Спасибо за внимание!  В игре с 2013 года.....",False,1716591020,1716591020,0,0,1,russian,607237,4722,,True,False
43,165986683,76561198088951015,570,yes.,True,1716577732,1716577732,1,0,0,english,219510,0,,False,False
44,165981164,76561198078490054,570,"i love this game, only issue i have with it is every update i have to either run a scan to fix things or reinstall which is the only quite annoying thing.",True,1716571560,1716571560,0,0,0,english,1051439,0,,False,False
45,165940570,76561197963303712,570,yea its pretty good,True,1716509516,1716509516,0,0,0,english,119323,0,,False,False
46,165874043,76561197976225678,570,"I have played this game for 1,200+ hours.  I have a group of friends who only plays this game (they suck at all other games, which I am good at), so I am stuck playing it with them.  If you never played before, I would say stay away from this game.  It will suck the life out of your soul.  First of all even if you play exactly right, if your team is bad you will lose.  Games take around 40 minutes so its a huge time commitment.  Finally it is by far the most toxic community I have ever experienced in a video game.",False,1716409178,1716409178,3,0,1,english,75687,58,,False,False
47,165685674,76561198072033727,570,broken matchmaking system,False,1716138357,1716138357,0,0,0,english,144845,1782,,False,False
48,165661112,76561197987504437,570,"get good, then its fun... sometimes",True,1716111876,1716111876,0,0,0,english,89406,96,,False,False
49,165430038,76561198026378302,570,"I really can't recommend this game any more. Match making is imbalanced now in every mode but all pick ranked, and the meta is so stale that if you do not group up as five you will lose the game. Toxicity has gotten to the worst point that I've seen in 10 years of Dota. It's sad how bad the US community for this game has gotten and how much Valve has abandoned this game.",False,1715805550,1715805550,0,0,0,english,466323,77,,False,False
50,175437069,76561199782231688,730,"Хорошая игра, рекомендуется купить прайм ведь без прайма могут попадаться много читеров",True,1726908186,1726908186,0,0,0,russian,824,824,,False,False
51,175437043,76561199593525457,730,"Спустя +- 6 лет игры в кс 1,6 могу сказать...
ТУТ  ОЧЕНЬ МАЛО МУЖИКОВ ЗА 40 КОТОРЫЕ В 1,6 ПОЯСНЯЛИ МНЕ ЗА ЖИЗНЬ!!!!
ну а так все по старому;)",True,1726908151,1726908151,0,0,0,russian,24638,2325,,False,False
52,175437039,76561199436285101,730,ne do poručuji furt do stavám vac ban za nic,True,1726908148,1726908148,0,0,0,czech,17700,1505,,False,False
53,175437025,76561199045736098,730,-,False,1726908135,1726908135,0,0,0,russian,16206,333,,False,False
54,175437005,76561198166939815,730,to any hacks,False,1726908119,1726908119,0,0,0,brazilian,21360,563,,False,False
55,175436996,76561199130642378,730,сука блять,True,1726908102,1726908102,0,0,0,czech,7651,53,,False,False
56,175436986,76561198835380582,730,iyi oyun daha çözemedim,True,1726908090,1726908090,0,0,0,turkish,66542,73,,True,False
57,175436884,76561199683869598,730,good,True,1726907982,1726907982,0,0,0,english,6025,2274,,False,False
58,175436867,76561199305613986,730,好玩,True,1726907966,1726907966,0,0,0,schinese,51607,2891,,False,False
59,175436768,76561199240938652,730,йцуц,True,1726907860,1726907860,0,0,0,russian,154637,660,,False,False
60,175436734,76561198312202686,730,d,True,1726907834,1726907834,0,0,0,koreana,1213,188,,False,False
61,175436620,76561199492280006,730,"CS2 долгожданное продолжение культового шутера от Valve, которое сохранило дух классической игры, но добавило множество свежих элементов. В первую очередь бросается в глаза улучшенная графика, которая на новом движке Source 2 выглядит гораздо детализированнее, с обновленными текстурами, светом и эффектами.
 
Несмотря на множество обновлений и улучшений в Counter-Strike 2, игра не обошлась без своих минусов:

Оптимизация. Даже с переходом на новый движок Source 2, многие игроки жалуются на проблемы с производительностью. FPS иногда падает, особенно на более слабых компьютерах, что негативно сказывается на игровом процессе.

Баги и глитчи. Как и любое новое релизное обновление, CS2 не избежала проблем с багами. Игроки часто сталкиваются с багами текстур, неправильной физикой гранат и другими мелкими недоработками, которые влияют на игру.

Изменённая стрельба. Некоторым фанатам не понравились изменения в механике стрельбы. Чувствуется разница в отклике оружия и баллистике пуль, что может раздражать игроков, привыкших к более старой версии.

Нет поддержки старых карт и модов. Многим игрокам не хватает поддержки некоторых классических карт или пользовательских модов, которые были любимы в CS
. Пока сообщество ждет их возвращения, но неизвестно, когда это случится.

Изменённая физика гранат. В CS2 физика гранат стала более реалистичной, но это вызвало недовольство у некоторых игроков, поскольку гранаты ведут себя иначе, что требует времени на адаптацию.

Медленная адаптация игроков. Переход на новый движок и визуальные изменения требуют привыкания. Некоторые игроки жалуются, что игра кажется ""не той"", и им сложно вернуться к своему прежнему уровню игры.

Проблемы с матчмейкингом. Несмотря на попытки улучшить систему подбора игроков, некоторые пользователи всё еще жалуются на длительное ожидание поиска матчей или неравномерность в уровнях команд.

Эти минусы могут со временем исправиться, но на данный момент они портят впечатление от игры у части сообщества.",False,1726907708,1726907829,0,0,0,russian,19343,1115,,True,False
62,175436551,76561199699862201,730,"SB
完美
",True,1726907612,1726907612,0,0,0,schinese,27152,1755,,False,False
63,175436469,76561199761363152,730,Good game but too much cheaters,True,1726907529,1726907529,0,0,0,finnish,9500,3805,,False,False
64,175436462,76561198082562046,730,rrgrgrgrgrgrgr,True,1726907518,1726907518,0,0,0,russian,24316,61,,False,False
65,175436451,76561199216592086,730,"brown b asterds
",False,1726907506,1726907506,1,0,0,english,11441,1442,,False,False
66,175436414,76561199763711322,730,I love be cool,True,1726907465,1726907465,1,0,0,english,5982,5120,,True,False
67,175436282,76561199551370371,730,很好的游戏，让我的吉吉流水,True,1726907331,1726907331,1,0,0,schinese,33058,479,,False,False
68,175436199,76561199098400880,730,cs2之后感觉用户粘性没有以前大了。,True,1726907230,1726907230,0,0,0,schinese,44825,10,,False,False
69,175436005,76561199741560320,730,nice game!!,True,1726906998,1726906998,2,0,0,english,20086,7989,,False,False
70,175435995,76561199762362557,730,Дикий понос гейба,True,1726906989,1726906989,0,0,0,russian,1396,57,,False,False
71,175435917,76561199680499832,730,https://steamcommunity.com/id/jL-13/inventory/#730_2_38824393599,True,1726906895,1726906895,0,0,0,schinese,5516,1621,,False,False
72,175435915,76561199228668371,730,Pew Pew,True,1726906894,1726906894,0,0,0,english,3901,1532,,False,False
73,175435430,76561199118247977,730,.,True,1726906359,1726906359,0,0,0,polish,13692,1032,,False,False
74,175435331,76561199476229228,730,"Конечно много читеров , с которыми VALVE не справляется никак , но если играть в Face то все пучком",True,1726906229,1726906229,0,0,0,russian,3943,563,,False,False
75,175435295,76561198989658030,730,4twt,True,1726906175,1726906175,0,0,0,polish,52590,966,,False,False
76,175435270,76561199583570369,730,Cs life :D,True,1726906135,1726906135,0,0,0,french,24731,79,,False,False
77,175435030,76561199690090134,730,теперь я знаю откуда руки растут,True,1726905891,1726905891,0,0,0,russian,3075,593,,False,False
78,175434914,76561199416022758,730,"Играю на этом акке всего лишь 200 часов, в общей сложности у меня 1000 часов, я лично считаю что кс го была лучше",True,1726905748,1726905748,0,0,0,russian,15039,0,,False,False
79,175434884,76561198107843237,730,"Большинство игр в стиме купил продавая кейсы кски, спасибо Габену за кейсы",True,1726905710,1726905710,0,0,0,russian,102929,153,,False,False
80,175434751,76561199652614932,730,"What can I say, there are fewer cheaters, but there are no fewer people who play legit, so I hope for the best anti-cheat!",True,1726905566,1726905566,0,0,0,ukrainian,542,530,,False,False
81,175434746,76561199502311071,730,nice,True,1726905564,1726905564,0,0,1,schinese,16132,1215,,True,False
82,175434672,76561198992073158,730,TAKIMINIZA APTAL OSFDOCPOUGU RUSLAR GELDİĞİ SÜRECE OYUNUNUZ REZİL HÜSFA OLUYOR BİRİ KRUVA KRUVA DİĞERİ SUKA SUKA RUSÇA TÜM KÜFÜLERİ ÖĞRENDİM AMK HAYATINIZI BU ROOSPCOPUGU RUSLARLA REZİL ETMEYİN SAYGILAR,False,1726905480,1726905480,0,0,0,turkish,10294,603,,False,False
83,175434623,76561199088232295,730,"у меня был понос и принялась катка,я на глазах перед всеми гостями с обосранНой жопой побежал принимать. СОВЕТУЮ!!!!!",True,1726905417,1726905417,0,0,0,russian,52250,3653,,True,False
84,175434620,76561199187971139,730,"⠀⠀⠀⠀⠀⠀⠀⠀⠀⠀⠀⠀⠀⠀⠀⠀⠀⠀⠀⠀⠀⠀⢀⠀⠀⠄⢀⠂⠠⠐⡀⢀⠂⠀⠄⠀⡀⠀⠀⠂⠄⠀⠀⠀⠀⠀⠀⠀⠀⠀⠀⠀⠀⠀⠀⠀⠀
⠀⠀⠀⠀⠀⠀⠀⠀⠀⠀⠀⠀⠀⠀⠠⠀⡀⠄⠂⠌⠠⢁⠂⠌⠄⡈⠄⠀⠁⠀⠄⠀⠈⠐⠈⡐⠠⢁⠊⠄⡐⠠⠀⠂⠤⣄⡀⠀⠀⠀⠀⠀⠀⠀⠀⠀⠀
⠀⠀⠀⠀⠀⠀⠀⠀⠀⠀⢠⠴⠋⠄⢂⠡⡐⢈⡐⠨⠐⠀⠂⠀⠀⠀⠀⠀⠀⠀⠀⠀⠈⠀⡀⠠⠁⠂⠌⠐⡀⠣⠌⡐⠠⢀⠙⠲⣄⠀⠀⠀⠀⠀⠀⠀⠀
⠀⠀⠀⠀⠀⠀⠀⠀⣠⠞⢋⡐⢂⠌⣂⠢⠐⢂⠐⠀⡁⠀⠀⠀⠀⠀⠀⠀⠀⠀⠀⠀⠀⠀⠀⠀⠀⠈⡀⠁⠄⢃⡐⠠⡑⣀⠢⠐⡈⠳⣄⠀⠀⠀⠀⠀⠀
⠀⠀⠀⠀⠀⠀⢀⡾⢃⠌⢢⡐⠡⠂⠄⠂⠡⠀⠄⠁⠀⠀⠀⠀⠀⠀⠀⠀⠀⠀⠀⠀⠀⠀⠀⠀⠀⠀⠀⠀⠂⠄⠀⠡⢐⠀⠆⡱⠠⡁⠌⡳⣄⠀⠀⠀⠀
⠀⠀⠀⠀⠀⣰⡏⠣⢌⡌⡡⢌⠡⠁⠌⠠⠁⠈⠀⡀⠀⠀⠀⠀⠀⠀⠀⠀⠀⠀⠀⠀⠀⠀⠀⠀⠀⠀⠠⠀⠄⠂⠡⠐⢀⠊⠄⡡⢃⠰⡁⢆⠹⣆⠀⠀⠀
⠀⠀⠀⠀⣰⢏⡰⢉⡒⢤⠑⡂⢂⠁⠂⡀⠁⢀⠀⠀⠀⠀⠀⠀⠀⠀⠀⠀⠀⠀⠀⠀⠀⠀⠀⠀⠀⠀⠀⠀⠀⠂⠁⠐⢀⠈⡐⠄⣃⠱⡈⢆⠱⡘⣧⠀⠀
⠀⠀⠀⢠⡿⢠⡘⢇⡸⠄⢣⠠⠄⠘⠀⠀⠀⠀⠀⠀⠀⠀⠀⠀⠀⠀⠀⠀⠀⠀⠀⠀⠀⠀⠀⠀⠀⠀⠀⠀⠀⠀⠀⠀⠄⠠⠀⠤⡀⢇⠸⡘⡄⢣⢸⡇⠀
⠀⠀⠀⣼⡃⢧⢘⣂⢒⡉⡐⠄⡈⠀⠁⠀⠀⠀⠀⠀⠀⠀⠀⠀⠀⠀⠀⠀⠀⠀⠀⠀⠀⠀⠀⠀⠀⠀⠀⠀⠀⠀⠀⠀⠠⠀⢁⠂⡅⢊⠦⢱⡈⢇⡊⣧⠀
⠀⠀⠀⣿⡘⣆⠣⣄⠣⡐⠰⢀⠠⠁⠀⠀⠀⠀⠀⠀⠀⠀⠀⠀⠀⠀⠀⠀⠀⠀⠀⠀⠀⠀⠀⠀⠀⠀⠀⠀⠀⠀⠀⠀⠀⠀⢀⠂⡔⠡⠚⡤⡑⢮⡐⣿⡂
⠀⠀⠀⣿⡔⣣⢚⠄⢣⠡⡈⠄⡀⠄⠀⠀⠀⠀⠀⠀⠀⠀⠀⠀⠀⠀⠀⠀⠀⠀⠀⠀⠀⠀⠀⠀⠀⠀⠀⠀⠀⠀⠀⠀⠠⠈⢀⡐⠠⣁⠳⠰⣉⢦⡑⣿⡁
⠀⠀⠀⢿⡲⣅⠎⡘⣄⠣⠐⠤⡐⡰⢠⣡⣦⣶⣾⣷⣾⣷⣿⣷⣶⣦⣀⠣⡐⢄⠆⡰⢄⣆⣳⣼⣶⣿⣶⣷⣶⣦⣽⣖⣦⡁⠤⢠⠑⡄⣊⠱⢌⢲⣯⣿⠀
⠀⠀⠀⢸⣷⣿⠠⣑⡦⢡⣏⢶⣵⣿⣿⣿⣿⣿⣿⣿⣿⣿⣿⣿⣿⣿⣷⣏⡱⢌⠲⣹⣮⣿⣿⣿⣿⣿⣿⣿⣿⣿⣿⣿⣿⣿⣷⣇⢮⡐⢦⡑⢌⣺⣿⡇⠀
⠀⠀⠀⠀⣿⣿⢀⣿⡜⣣⣾⣿⣿⣿⣿⣿⣿⣿⣿⣿⣿⣿⣿⣿⣿⣿⣿⣧⡝⣌⠣⣿⣿⣿⣿⣿⣿⣿⣿⣿⣿⣿⣿⣿⣿⣿⣿⣿⣧⡝⢦⣿⠠⣿⣿⠃⠀
⠀⠀⠀⠀⢹⣿⠆⣿⣞⡱⣿⣿⣿⣿⣿⣿⣿⣿⣿⣿⣿⣿⣿⣿⣿⣿⣿⡏⠖⡠⠣⢽⣿⣿⣿⣿⣿⣿⣿⣿⣿⣿⣿⣿⣿⣿⣿⣿⢿⡞⣥⣿⢸⣿⡏⠀⠀
⠀⠀⠀⠀⠀⢻⡜⣿⢦⡙⣛⣿⣿⣿⣿⣿⣿⣿⣿⣿⣿⣿⣿⣿⣿⣿⡧⣟⠄⠡⠑⢺⣿⣿⣿⣿⣿⣿⣿⣿⣿⣿⣿⣿⣿⣿⣿⣿⢣⡟⠴⣿⣸⡿⠀⠀⠀
⠀⠀⠀⠀⠀⠘⣯⣿⢣⡘⠤⣿⣿⣿⣿⣿⣿⣿⣿⣿⣿⣿⣿⣿⣿⡿⢁⣯⠀⠑⡈⢍⠛⣿⣿⣿⣿⣿⣿⣿⣿⣿⣿⣿⣿⣿⣿⡿⠐⣌⠳⣿⣽⠃⠀⠀⠀
⠀⠀⠀⠀⠀⠀⠸⣿⢣⡘⠤⠙⣿⣿⣿⣿⣿⣿⣿⣿⣿⣿⣿⣿⠟⢁⠋⢄⠀⠀⠀⣌⠓⡍⢻⣿⣿⣿⣿⣿⣿⣿⣿⣿⣿⣿⡿⠃⡁⢆⢱⣿⠃⠀⠀⠀⠀
⠀⠀⠀⠀⠀⠀⠀⣿⡧⡘⠤⢃⠚⠻⣿⣿⣿⣿⣿⣿⣿⠿⢛⠱⠴⢈⠐⣀⢠⣄⢀⣀⢉⡡⠆⠈⠛⠿⣿⣿⣿⣿⣿⣿⣿⠟⠁⠠⠁⡌⢼⣿⠀⠀⠀⠀⠀
⠀⠀⠀⠀⠀⠀⠀⢻⣷⣉⠶⣁⠎⡡⢐⡉⢉⣉⡉⡁⠀⠐⠘⠀⣔⢈⣄⣷⣾⣿⣷⣮⡺⡅⠀⢂⠈⣐⠢⣬⡉⡉⣉⢋⠀⡀⢂⠁⢆⢸⣾⣿⠀⠀⠀⠀⠀
⠀⠀⠀⠀⠀⠀⠀⠘⢿⣮⣞⡴⣩⢖⣡⢚⡤⡡⢆⠡⠌⠂⢌⠂⠼⢮⣿⣿⣿⣿⣿⣿⣿⣿⠂⡄⠌⢄⠒⡠⢁⠥⢢⠆⡜⡰⣌⣼⣶⣻⣿⠃⠀⠀⠀⠀⠀
⠀⠀⠀⠀⠀⠀⠀⠀⠀⠙⠻⢿⣯⣯⣽⣷⣾⡽⣌⢣⠍⡜⢠⢈⠒⢯⣿⠟⣛⣍⣛⣿⢛⣽⠃⡔⢊⡔⢪⡑⢮⣼⣧⣾⣽⣷⣿⡿⠟⠋⠁⠀⠀⠀⠀⠀⠀
⠀⠀⠀⠀⠀⠀⠀⠀⠀⠀⠀⠀⠀⠈⠉⢙⢻⣿⡽⣎⠞⡬⡑⢎⡘⣄⠢⡉⠥⢉⢋⠄⡃⡤⢉⡔⢣⠜⣥⢞⣯⣿⡿⠛⠉⠉⠀⠀⠀⠀⠀⠀⠀⠀⠀⠀⠀
⠀⠀⠀⠀⠀⠀⠀⠀⠀⠀⠀⠀⠀⠀⠀⠀⠘⣿⡟⣧⡟⣴⢩⡖⢰⡄⢣⠐⢢⡌⡄⢢⠑⡄⢣⡜⢢⠛⣴⣿⣿⣿⠃⠀⠀⠀⠀⠀⠀⠀⠀⠀⠀⠀⠀⠀⠀
⠀⠀⠀⠀⠀⠀⠀⠀⠀⠀⠀⠀⠀⠀⠀⠀⠐⣿⣿⣿⣷⣣⢏⡖⣣⢜⣢⢣⡒⣤⠱⡌⢦⡑⢮⢴⣫⣾⣿⣿⣷⡿⠀⠀⠀⠀⠀⠀⠀⠀⠀⠀⠀⠀⠀⠀⠀
⠀⠀⠀⠀⠀⠀⠀⠀⠀⠀⠀⠀⠀⠀⠀⠀⠀⢸⣿⠋⠿⣿⡿⠿⣷⣎⣿⣵⣯⣖⣯⣿⣾⣹⣾⠷⢿⣿⠟⠹⣿⡇⠀⠀⠀⠀⠀⠀⠀⠀⠀⠀⠀⠀⠀⠀⠀
⠀⠀⠀⠀⠀⠀⠀⠀⠀⠀⠀⠀⠀⠀⠀⠀⠀⠀⣿⣇⠐⣿⡄⠀⢈⣿⠀⠀⠈⣿⠁⠀⠀⣿⠁⠀⠀⣿⠈⣾⣿⠇⠀⠀⠀⠀⠀⠀⠀⠀⠀⠀⠀⠀⠀⠀⠀
⠀⠀⠀⠀⠀⠀⠀⠀⠀⠀⠀⠀⠀⠀⠀⠀⠀⠀⢠⣿⠦⢿⣦⣀⣀⣿⠀⠀⠀⣿⡀⠀⠀⣿⣀⣀⣼⡷⢸⣿⡀⠀⠀⠀⠀⠀⠀⠀⠀⠀⠀⠀⠀⠀⠀⠀⠀
⠀⠀⠀⠀⠀⠀⠀⠀⠀⠀⠀⠀⠀⠀⠀⠀⠀⠀⠀⢿⣎⣼⠇⠈⢉⣿⠉⠙⠉⣯⠉⠙⠉⣿⠉⠀⢀⣿⣰⡿⠀⠀⠀⠀⠀⠀⠀⠀⠀⠀⠀⠀⠀⠀⠀⠀⠀
⠀⠀⠀⠀⠀⠀⠀⠀⠀⠀⠀⠀⠀⠀⠀⠀⠀⠀⠀⠘⣿⡿⢷⡶⢶⣿⣄⣀⣠⣿⣤⣀⣤⣿⡶⣶⣾⣿⣿⠃⠀⠀⠀⠀⠀⠀⠀⠀⠀⠀⠀⠀⠀⠀⠀⠀⠀
⠀⠀⠀⠀⠀⠀⠀⠀⠀⠀⠀⠀⠀⠀⠀⠀⠀⠀⠀⠀⠘⢻⣧⣝⡲⡜⣬⢋⡗⡬⣃⢯⡱⢆⡳⡼⣼⡿⠃⠀⠀⠀⠀⠀⠀⠀⠀⠀⠀⠀⠀⠀⠀⠀⠀⠀⠀
 ⠀⠀⠀⠀⠀⠀⠀⠀⠀⠀⠀⠀⠀⠀⠀⠀⠀⠀⠀⠀⠀  ⠈⠙⠓⠻⠶⠿⠼⠷⠾⠶⠿⠚⠛⠛⠀⠀⠀⠀⠀⠀⠀⠀⠀⠀⠀⠀⠀⠀⠀⠀⠀⠀⠀",True,1726905415,1726905415,0,0,0,english,8900,3301,,False,False
85,175434529,76561199667160149,730,好玩,True,1726905324,1726905324,0,0,0,schinese,9854,1516,,False,False
86,175434468,76561198250514880,730,It's all good.,True,1726905252,1726905252,0,0,0,russian,30534,2186,,True,False
87,175434426,76561197979896315,730,meh,False,1726905199,1726905199,0,0,0,english,23787,214,,False,False
88,175434382,76561199757109766,730,LLeno de chiteros,False,1726905152,1726905152,0,0,0,latam,23173,19379,,False,False
89,175434312,76561199439549560,730,В игре полно читеров не вижу античита,False,1726905076,1726905076,3,0,0,russian,36932,1690,,False,False
90,175434301,76561199542640925,730,"игра крутая, немного скучно но норм, не хватает батл пасса",True,1726905071,1726905071,0,0,0,russian,1733,77,,False,False
91,175434282,76561199732802982,730,"Просто каждую кактку читеры, за тебя попадаються неадекваты которые что то говарят про твою мать, начинаеш играть фулл фокус, чел из противоположной команды включает рейдж, спасибо за VacNet 3.0",False,1726905051,1726905051,1,0,0,russian,5303,1629,,False,False
92,175434227,76561199681369979,730,good,True,1726904986,1726904986,0,0,0,schinese,295,274,,True,False
93,175434219,76561199651289965,730,好玩爱玩,True,1726904978,1726904978,0,0,0,schinese,3445,339,,False,False
94,175434217,76561198975424303,730,"https://steamcommunity.com/profiles/76561197989744167/inventory/#730_2_38824393654
https://steamcommunity.com/profiles/76561197989744167/inventory/#730_2_30625055308
",True,1726904976,1726904976,0,0,0,schinese,22659,3047,,False,False
95,175434137,76561199771298221,730,I love it (I hate it),True,1726904880,1726904880,0,0,0,english,20876,17043,,False,False
96,175434007,76561199398931714,730,味大无需多盐,True,1726904715,1726904715,1,0,0,schinese,57140,1176,,True,False
97,175433989,76561199730395395,730,"好玩

",True,1726904693,1726904693,0,0,0,schinese,2077,821,,False,False
98,175433532,76561199471617741,730,как стрелялка  имба,True,1726904168,1726904168,0,0,0,russian,61746,1512,,False,False
99,175433463,76561199058999668,730,GOGOGOGGOOGO,True,1726904075,1726904075,0,0,0,schinese,82999,1140,,False,False
100,175435626,76561199544455422,440,тут даже писать не надо!,True,1726906564,1726906564,0,0,0,russian,4310,0,,False,False
101,175433414,76561197961573834,440,good,True,1726904019,1726904019,0,0,0,english,329868,336,,False,False
102,175431969,76561198057902645,440,I dedicate these hours to our beloved United States :D,True,1726902137,1726902137,0,0,0,english,106641,2995,,False,False
103,175411348,76561198869302726,440,update when,True,1726875467,1726875467,0,0,0,english,8279,53,,False,False
104,175405506,76561199557847773,440,Medic!,True,1726868055,1726868055,0,0,0,spanish,2922,676,,False,False
105,175401485,76561198846018019,440,Csak geci jó.,True,1726863732,1726863732,0,0,0,hungarian,60120,328,,True,False
106,175399495,76561199134947205,440,Ta bueno,True,1726861766,1726861766,0,0,0,english,63169,642,,False,False
107,175398767,76561199555325455,440,"Эта игра просто имба, очень много потных,волосатых и накачанных мужиков!",True,1726861063,1726861063,0,0,0,ukrainian,25087,2090,,False,False
108,175394102,76561198982887089,440,gentle men,True,1726856610,1726856610,0,0,0,english,213,86,,False,False
109,175374408,76561198978541464,440,"orospu evladı biri beni dolandırmıştı, itemlerim çalındı bu oyunu gene de bırakamıyorum EN SONUNDA İSYAN ETTİM TF2NİN ANASINI SİKEYİM DEDİM",True,1726840431,1726840431,0,1,0,turkish,62190,112,,True,False
110,175370051,76561197965964459,440,"So nice, they made it twice...",True,1726836177,1726836177,0,0,0,english,27082,50,,False,False
111,175368892,76561198000483190,440,e,True,1726834929,1726834929,0,0,0,norwegian,9593,424,,False,False
112,175368070,76561199073290011,440,Its perfection,True,1726834077,1726834077,0,0,0,finnish,3718,956,,False,False
113,175365830,76561198928039321,440,"Nach 10 jahren immer noch besser als Overwatch und bessere Community 
",True,1726831524,1726831524,0,0,0,german,14785,396,,False,False
114,175361452,76561198371046730,440,It's too fun nikkah,True,1726825515,1726825515,0,0,1,english,11066,709,,False,False
115,175348328,76561198943315323,440,greatest game ever hands down,True,1726804171,1726804171,0,0,0,english,4821,633,,False,False
116,175341654,76561198053773149,440,Люблю заходить в этот прекрасный казуальный шутер после того как меня попускают в таркове :),True,1726794558,1726794558,0,1,0,russian,108038,290,,False,False
117,175338895,76561198411343707,440,Awesome game,True,1726790538,1726790538,0,0,0,english,11321,0,,False,False
118,175331707,76561199613805109,440,"Блин жаль не испытал паровозик на соей шкуре, хотелось бы.",True,1726780026,1726780026,0,0,0,russian,1663,0,,False,False
119,175326889,76561199608592331,440,эта игра просто имба! бегаешь как угорелый или сидишь на балконе и лутаешь маслину от того самого снайпера с снайперкой ботоубицы. Рекомендую,True,1726774324,1726774324,0,0,0,russian,20289,1368,,False,False
120,175325027,76561199140571358,440,"читеров больше нет играть ток кайф
",True,1726772397,1726772397,0,0,0,russian,3264,253,,False,False
121,175316255,76561198084001920,440,Better than most fps games and its older than you yes you,True,1726763638,1726763638,0,0,0,english,1492,148,,False,False
122,175310318,76561199005580145,440,мне нравится,True,1726758182,1726758182,0,0,0,russian,3284,163,,True,False
123,175310253,76561199109550372,440,уауауауауауауауауауаууауау,True,1726758127,1726758127,1,0,0,russian,5032,449,,False,False
124,175302061,76561198018957813,440,This game can and will cause insanity (positive),True,1726750336,1726750336,0,0,0,english,28512,0,,False,False
125,175301058,76561198990273545,440,норм,True,1726749195,1726749195,0,0,0,russian,13183,39,,False,False
126,175299610,76561198022382662,440,"[h3][b][u]Team Fortress 2[/u][/b][/h3] is a team-based first-person shooter developed by Valve Corporation. Released in 2007, it has become a cult classic and remains one of the most popular PC games of all time. Here's a breakdown of what makes TF2 so special:

[b][u]Unique Classes:[/u][/b] TF2 features nine distinct classes, each with its own strengths, weaknesses, and playstyle. The classes are divided into three categories: Offense (Scout, Soldier, Pyro), Defence (Demo-man, Heavy, Engineer), and Support (Medic, Sniper, Spy). Each class has a set of unique abilities, which encourages players to work together as a team and use their skills to overcome opponents.

[b][u]Game Play:[/u][/b] The game play in TF2 is incredibly polished, with tight controls and responsive movement. Players can choose from various game modes, including Capture the Flag, Control Point, and Payload. The objective-based game play and diverse classes ensure that no two matches are ever the same.

[b][u]Visuals and Soundtrack:[/u][/b] TF2's cartoon-ish, stylised visuals have become iconic in the world of gaming. The game's art style, inspired by the works of J.J. Sedelmaier and Chuck Jones, has aged surprisingly well, and the character designs are instantly recognisable. The soundtrack, composed by Mike Morasky and John Patrick Lowrie, is equally impressive, with catchy and humorous theme songs for each class.

[b][u]Community:[/u][/b] The TF2 community is dedicated and passionate, with a strong focus on competitive play and teamwork. While the community can be toxic at times, Valve has implemented various measures to reduce harassment and promote positive behaviour. The game's popularity has also led to the creation of numerous community-made maps, game modes, and cosmetics.

[b][u]Influence:[/u][/b] TF2's influence can be seen in many modern shooters, including Overwatch, Rainbow Six Siege, and Team Fortress's own spiritual successor, Overwatch's Payload mode. The game's innovative game play mechanics, such as the "" ubercharge"" system and the emphasis on teamwork, have become staples of the genre.

[b][u]Price:[/u][/b] The best part? Team Fortress 2 is completely free to play, with no upfront cost or subscription fees. Players can purchase in-game items and cosmetics, but the core game play experience is entirely free.

[i]Overall, Team Fortress 2 is a game that has stood the test of time, and its unique blend of game play, humour, and style continues to captivate audiences to this day. If you haven't already, do yourself a favour and give it a try – you won't regret it.[/i]",True,1726747555,1726750452,0,0,0,english,107071,4017,,False,False
127,175298579,76561199439122438,440,имба меня насиловали 39 часов,True,1726746293,1726746293,0,0,0,russian,2458,913,,False,False
128,175298423,76561199160319294,440,сьел бутер и ахуел,True,1726746069,1726746069,0,0,0,russian,2211,1097,,False,False
129,175290459,76561198867112173,440,Игра позволяет  бросаться мочой во врагов 10/10,True,1726733597,1726733597,0,0,0,russian,771,133,,False,False
130,175271963,76561199517227476,440,9.9 to much water,True,1726702466,1726702466,0,0,0,german,64839,5689,,False,False
131,175267269,76561199309141629,440,убил бабку банкой огурцов нужна подмога,True,1726695215,1726695215,0,0,0,russian,18957,245,,False,False
132,175266759,76561198093094102,440,w,True,1726694533,1726694533,0,0,0,english,9917,397,,False,False
133,175266590,76561199250186692,440,:3,True,1726694310,1726694310,0,0,0,english,17483,0,,False,False
134,175261222,76561199511849304,440,"имба рекомендую мыло и верёвку
",True,1726687467,1726687467,0,0,0,russian,20617,438,,False,False
135,175257094,76561199198718381,440,"прикольно, узнал что такое бдсм и паровозик,10 из 10",True,1726682720,1726682720,0,0,0,russian,1762,29,,False,False
136,175252617,76561199486346282,440,ИГРА хорошая .,True,1726677981,1726677981,1,0,0,russian,150,0,,False,False
137,175243961,76561198803820218,440,Nostalgia :),True,1726669975,1726669975,0,0,0,english,3524,522,,False,False
138,175231120,76561199139086626,440,"Хорошая игра, по кд подыхаю.",True,1726655086,1726655086,0,0,0,russian,764,12,,False,False
139,175226601,76561199403502086,440,"Great game, however the intimate sex scene between Heavy and Demoman was kind of unnecessary.
",True,1726647718,1726665980,0,0,0,english,1731,464,,False,False
140,175222491,76561199558906937,440,"Ясен пень
",True,1726640426,1726640426,0,0,0,russian,473,70,,False,False
141,175221739,76561199077869021,440,Dobra gra,True,1726638986,1726638986,0,0,0,polish,38599,0,,False,False
142,175221450,76561198195579098,440,"I'm not gonna blurb the whole history, but basically 7 years ago they removed a bunch of skill ceilings, ruining lots of guns and playstyles making previous sidegrades straight up or downgrades. Pyro got a bunch of nonsense which they've helped a little with (flame hitbox was mad broken). Then the updates stopped, and 4 years later or even sooner it was a bot infested hellscape you couldn't hope to play on official servers. They've done ban waves now so in that aspect it's playable again. Matchmaking hasn't been touched since release though so hope you don't mind putting 200hrs in to get the basics and researching playstyles/mechanics. 
   Even with all that there's lots to enjoy here. A shooter where firefights are more than a milisecond, unique playstyles, gamemodes, and communites. It's a game where you experience is what you make of it, like movement shooters? Play an explosives, scout, hell wrangler engie. More of a point and click? Sniper and spy will have you covered. Want a hero shooter less based in moba mechanics? Here you are. All the weapons are free, and for many there's even money to be made (hense bot crisis). If you're going to give it a shot, do your homework first and you'll have a wayy better time. I still probably consider this my favorite game, it's just gotten too disheartening playing in this state. This game introduced me to pc games and I'll always love it deeply, but please don't spend money on it. I need to see valve give more than half a shot to put my heart into it again.",False,1726638469,1726638469,2,1,0,english,60186,210,,False,False
143,175217944,76561199174217881,440,sigma,True,1726632519,1726632519,0,0,0,ukrainian,5345,2522,,False,False
144,175203717,76561199337452134,440,лишь одни ники игроков заставлют меня каждый день тут играть гг,True,1726609701,1726609701,0,1,0,russian,17459,187,,True,False
145,175202210,76561199531491494,440,"[h1] Why i love team fortress 2 [/h1]
[h2] (more like demoman) [/h2]
[h3] (from a noob) [/h3]
so i'm not exactly experienced with this game. im very new to casual and most of my time spent is in training mode. i have installed custom huds and configs though and my K:D is usually resting at 2. anyways enough blabber-
i main demoman. i don't know a lot about other classes as the only other classes i play are soldier medic and scout. 
[h1] The Grenade Launchers [/h1]
i love demoman because of one weapon- or should i say ALL OF THEM (almost)  i like the grenade launchers as they encourage predicting enemy play and spam usually doesn't work. some of them provide alternate playstyles, for example- the Loch'n Load.
i got this from a random drop and personally like it a lot! i'm not exactly very good with it though- and the clip size penalty can HURT. the iron bomber is my favorite, the perfect stat tweak for how i play, and i find myself hitting more shots with it for some reason. i can't say much about the Loose Cannon as i have not tried it personally.
[h1] Secondary Slot [/h1]
[h2] The Shields [/h2]
i LOVE the shields. i love the resistances on the Chargin Targe, and i love the Control of the tide turner. they provide so much oppurtunity for combat, especially with the swords- but we'll cover those later.
[h2] The Stickybomb Launcher [/h2]
this is kinda spammy. Whatever!
i like the ability to set up traps, especially as such a STRONG class.
i really don't like to spam this thing because it doesn't work very well and even when it does it's not fun- for me or the opposition.
[h1] The Melee (honestly just swords) [/h1]
[h2] The Eyelander [/h2]
wowza this thing is fun. it also helped me kill 8 people and survive.
i mean honestly- this thing with the Chargin' Targe is SO FUN. i queued into a random map and got 8 heads by preying on light classes and lost people. the concept of a snowball weapon on DEMOMAN of all people interests me a LOT.
[h2] The Half-Zatoichi [/h2]
funny weapon im bad at it :(
[h1] Why I Think Demoman is the Best. [/h1]
i get the highest K:D with him. (2)
oh yeah and skill ceilins and whatever
BYE!",True,1726607669,1726608869,2,0,0,english,9430,1507,,False,False
146,175200677,76561198091619689,440,я ебал слона,True,1726605790,1726605790,0,0,0,russian,57467,460,,False,False
147,175197482,76561199112466667,440,"jestem masochistą dlatego lubię tą gre. ale nawet mojemu koledze też się podoba 
polecam 

(p.s. mój kolega jest pro spy)



mam shizofrenie i nie wiem czy ten kolega jest wymyślony",True,1726601993,1726601993,0,0,0,polish,12233,2224,,False,False
148,175197451,76561198056474123,440,"Truly ancient yet constantly evolving.
Remarkable.",True,1726601955,1726601955,0,0,0,english,28467,137,,False,False
149,175196530,76561198981952066,440,"Buradan tüm 1000+ saat Kunai Spy Mainlere bütün samimiyetimle öpücüklerimi gönderiyorum bana hayatın acımasız oluğunu ve herkesin aile sevgisi görmediğini her daim hatırlatan yegâne şey sizlersiniz. İyiki varsınız.

Not: Oyun bazı ""insansılar"" olmasa 10/10 olurmuş ama 10/9",True,1726600879,1726600879,0,0,0,turkish,13838,580,,False,False
150,175436987,76561199224010472,105600,Best,True,1726908091,1726908091,0,0,0,english,60594,64,,False,False
151,175436927,76561199230337395,105600,Also try Minecraft!,True,1726908029,1726908029,0,0,0,english,2765,0,,False,False
152,175436496,76561199417016339,105600,Tak YES,True,1726907561,1726907561,0,0,0,polish,698,90,,False,False
153,175436128,76561199445466042,105600,"好玩
",True,1726907150,1726907150,0,0,0,schinese,13158,12,,False,False
154,175435760,76561199274053740,105600,I was touched,True,1726906733,1726906733,0,0,0,english,3740,1196,,False,False
155,175435714,76561199193858597,105600,非常好玩,True,1726906685,1726906685,0,0,0,schinese,14194,54,,False,False
156,175435335,76561199228668371,105600,Dont even need to say it. 10/10,True,1726906232,1726906232,0,0,0,english,3561,258,,False,False
157,175435048,76561199056782624,105600,я мунлорда в жопу ебfl,True,1726905908,1726905908,0,0,0,russian,36243,76,,False,False
158,175434305,76561199326760340,105600,cool game  innit,True,1726905072,1726905072,0,0,0,english,785,737,,False,False
159,175434208,76561199507321734,105600,такое,True,1726904969,1726904969,0,0,0,russian,11525,1,,False,False
160,175434096,76561199720188359,105600,.,True,1726904833,1726904833,0,0,0,brazilian,940,1,,False,False
161,175434043,76561199039154356,105600,神作,True,1726904766,1726904766,0,0,0,schinese,11327,0,,False,False
162,175433860,76561199352243028,105600,无敌了,True,1726904563,1726904563,0,0,0,schinese,2083,2006,,False,False
163,175433318,76561199442377199,105600,好玩爱玩就是有点bug狗能看到人看不见的东西,True,1726903910,1726903910,0,0,0,schinese,24623,0,,False,False
164,175433193,76561199518104085,105600,好玩,True,1726903754,1726903754,0,0,0,schinese,1252,1251,,False,False
165,175433048,76561199389624968,105600,"Убил императрицу света днём. Встал, подтер за собой пукан и пошел доделывать домашку по русскому.",True,1726903575,1726903575,0,0,0,russian,3790,0,,False,False
166,175432881,76561199229347739,105600,好玩,True,1726903373,1726903373,0,0,0,schinese,818,72,,False,False
167,175432534,76561199776905960,105600,www,True,1726902877,1726902877,0,0,0,koreana,277,277,,False,False
168,175432409,76561199528953222,105600,进不去,False,1726902711,1726902711,0,0,0,schinese,2286,1,,False,False
169,175432069,76561199082882417,105600,같이해야 재밌네,True,1726902266,1726902266,0,0,0,koreana,1528,1295,,False,False
170,175431998,76561199634742883,105600,好玩,True,1726902169,1726902169,0,0,0,schinese,10828,509,,False,False
171,175431451,76561198162435726,105600,Amazing Intro to Boss Fights Game!,True,1726901475,1726901475,0,0,0,english,16849,5839,,False,False
172,175431271,76561199445621369,105600,it fun,True,1726901289,1726901289,0,0,0,english,5978,25,,True,False
173,175430946,76561199507636847,105600,"Террария это когда ты только зашел в игру и у тебя ебля со слизнем
террария это когда босс уходит с 1 хп
террария это когда ты забыл снять трусы и тебе их порвали
террария это когда ты убиваешь мунлорда без урона но черепаха тебя ваншотаетт
террария это боль, слезы, страдание,",True,1726900833,1726900833,0,0,0,russian,17794,3918,,False,False
174,175430845,76561198431217623,105600,很好玩,True,1726900703,1726900703,0,0,0,schinese,604,604,,False,False
175,175430655,76561199563227723,105600,好啊、,True,1726900486,1726900486,0,0,0,schinese,954,813,,False,False
176,175430614,76561199218611915,105600,ALMAYIN,True,1726900437,1726900437,0,0,0,turkish,4455,4455,,False,False
177,175430474,76561199507736873,105600,神,True,1726900262,1726900262,0,0,0,schinese,256,255,,False,False
178,175430450,76561199018919922,105600,best game ever,True,1726900221,1726900221,0,0,0,english,7580,991,,False,False
179,175430261,76561199100287156,105600,Игра про приключение в выдуманном 2д мире с сотнями монстров и боссов игра на 15-25 часов игра затягивает есть мелкий сюжет у нпс есть сотни крутых модов для игры. Игра себя окупила на 10/10. самая моя стоющуя покупка. 10/10,True,1726899970,1726899970,0,0,0,russian,5123,109,,False,False
180,175429958,76561199273928347,105600,Pretty good game but now i don't know what to do with it anymore,True,1726899565,1726899565,0,0,0,english,2117,5,,False,False
181,175429890,76561199108501505,105600,Pretty good game NGL.,True,1726899493,1726899493,0,0,0,english,38255,1,,False,False
182,175429750,76561198387331901,105600,its ok,True,1726899271,1726899271,0,0,0,english,2939,105,,False,False
183,175429728,76561199699513156,105600,"good game
",True,1726899229,1726899229,0,0,0,english,1445,2,,False,False
184,175429597,76561199240170518,105600,it's literally $10 just buy it bro,True,1726899081,1726899081,0,0,0,english,1400,1388,,False,False
185,175428419,76561199778869189,105600,NB,True,1726897658,1726897658,0,0,0,schinese,875,875,,False,False
186,175428236,76561199068696583,105600,i hate this game it hurts me but in a good way,True,1726897379,1726897379,0,0,0,english,1233,1212,,False,False
187,175427099,76561199131284881,105600,juegazo xd,True,1726895919,1726895919,0,0,0,latam,285,246,,False,False
188,175426867,76561199078932197,105600,;),True,1726895641,1726895641,0,0,0,english,2698,1,,False,False
189,175426819,76561199670434717,105600,"ja zerei umas 7x no cell agr vou me aventurar pelo pc
",True,1726895574,1726895574,0,0,0,brazilian,745,745,,False,False
190,175426775,76561198122184441,105600,ストアの説明文は日本語なのに公式で日本語化されていないのは意味が分からない。,True,1726895516,1726895516,0,0,0,japanese,10,0,,False,False
191,175426739,76561198833781061,105600,Terraria is a game,True,1726895458,1726895458,0,0,0,english,23577,1421,,False,False
192,175426253,76561199680933148,105600,блин игра так то интересная но поиграешь даже пройти полность не успеешь она тебе надоест с рузьями интереснее но у меня нет друзей((,False,1726894841,1726894841,0,0,0,russian,1581,134,,False,False
193,175425730,76561199619139536,105600,"Great!
",True,1726894245,1726894245,0,0,0,english,749,749,,False,False
194,175425383,76561199517864941,105600,"Don't know why, but I was compelled to 100% this game on 3 different platforms.",True,1726893833,1726893833,0,0,0,english,9350,23,,False,False
195,175424989,76561199206463096,105600,i8uuift7uiy,True,1726893367,1726893367,0,0,0,english,4492,1,,False,False
196,175424965,76561199228604608,105600, eu odeio o pescador.  eu odeio o pescador.  eu odeio o pescador.  eu odeio o pescador.  eu odeio o pescador.  eu odeio o pescador.  eu odeio o pescador.  eu odeio o pescador.  eu odeio o pescador.  eu odeio o pescador.  eu odeio o pescador.  eu odeio o pescador.  eu odeio o pescador.  eu odeio o pescador.  eu odeio o pescador.  eu odeio o pescador.  eu odeio o pescador.  eu odeio o pescador.  eu odeio o pescador.  eu odeio o pescador.  eu odeio o pescador.  eu odeio o pescador.  eu odeio o pescador.  eu odeio o pescador.  eu odeio o pescador.,True,1726893346,1726893346,0,0,0,brazilian,8683,3775,,False,False
197,175424924,76561199208300634,105600,Симулятор википедии,True,1726893307,1726893307,0,0,0,russian,4722,99,,False,False
198,175424694,76561199773703165,105600,GOOD,True,1726893021,1726893021,0,0,0,schinese,3192,3192,,False,False
199,175424600,76561199681133964,105600,"Игра имба,кучу контента и сложности которые понятны
p.s я купил игру без скидки,Я богач",True,1726892882,1726892882,0,0,0,russian,25572,1739,,False,False
200,175436930,76561198094621240,252490,ze best,True,1726908033,1726908033,0,0,0,english,46277,1583,,False,False
201,175436809,76561198326958158,252490,not worth it,False,1726907899,1726907899,0,0,0,english,23575,348,,False,False
202,175436516,76561199542342782,252490,Zibzizizibibizibizibi,True,1726907575,1726907575,0,0,0,russian,7741,4149,,False,False
203,175436240,76561199032559633,252490,123,True,1726907278,1726907278,0,0,0,russian,250486,8925,,True,False
204,175436042,76561199094460841,252490,good,True,1726907040,1726907040,0,0,0,english,192,125,,False,False
205,175435927,76561198850478546,252490,пп,False,1726906908,1726906908,0,0,0,russian,83380,3836,,False,False
206,175435694,76561199507486022,252490,gayet nezih bi ortamı var,True,1726906655,1726906655,0,0,0,turkish,79499,2256,,False,False
207,175435047,76561198845702157,252490,zamanı olmayan kafa yormasın.,True,1726905907,1726905907,0,0,0,turkish,44106,336,,False,False
208,175434421,76561199533592346,252490,"не н пиздец, негры в жопу ебут",False,1726905195,1726905195,0,0,0,russian,3822,221,,False,False
209,175434361,76561199189866366,252490,"Игра топ, но есть баг когда запускаешь игру и личная жизнь пропадает как явление",True,1726905122,1726905122,0,0,0,russian,33423,1,,False,False
210,175434179,76561198426380297,252490,"团队游戏，人多好玩
",True,1726904929,1726904929,0,0,0,schinese,643,383,,False,False
211,175434073,76561199444020462,252490,когда меня рейдили я узнал что у меня 3 мамы,True,1726904807,1726904807,0,0,0,russian,7848,456,,False,False
212,175433840,76561198883924879,252490,Превосходная игра!,True,1726904535,1726904535,0,0,0,russian,5209,0,,False,False
213,175433680,76561198874279784,252490,"дааа бляtь XyiTaaa.
не играйте!!!
удаляйте.",True,1726904351,1726904351,0,0,0,russian,5024,2,,True,False
214,175433647,76561198091848260,252490," хуйня полная)
",True,1726904310,1726904310,1,0,0,russian,5674,1377,,False,False
215,175433283,76561199709815452,252490,стрельба с двушки все имба короче,True,1726903865,1726903865,0,0,0,russian,2634,78,,False,False
216,175433180,76561199234003354,252490,"В этой игре вас будут пинать камнями , унижать любыми способами вы не сможете хорошо жить вас будут бить и рейдить как говориться пиздец!",True,1726903734,1726903734,0,0,0,russian,80478,1381,,False,False
217,175433015,76561198413831121,252490,"addicting and rage inducing, perfect for people with mental health problems",True,1726903532,1726903532,1,0,0,english,84424,0,,False,False
218,175432774,76561198074414819,252490,"Игра просто супер. Только есть в ней один баг, когда выходишь из игры и заходишь на следующий день, постройки не сохраняются почему-то и я на пляже лежу",True,1726903232,1726903232,0,0,0,russian,33850,50,,False,False
219,175432703,76561199654148292,252490,"Интересная иочень хардкорная игра
",True,1726903119,1726903119,0,0,0,russian,3920,2201,,False,False
220,175432614,76561199168190589,252490,"my one of favorite game i really recomd it
",True,1726902999,1726902999,0,0,0,ukrainian,8986,881,,False,False
221,175432323,76561199698936421,252490,много черножопых бомжей пытаются тебя заебашить прямо на спавне.раст это такая игра где ты готов убить своего друга и пожарить его на костре.но есть и плюсы: я научился писаться под себя. не есть сутками и холодильник счастлив. и много расистов это тоже жирный плюс поэттому кто в раст играет тот наш слоняра,True,1726902597,1726902597,0,0,0,russian,11840,1943,,False,False
222,175431709,76561199511420178,252490,w,True,1726901797,1726901797,1,0,0,english,6986,3293,,False,False
223,175431686,76561199734365772,252490,"игра хуйня везде руф кемперы и дуркемперы, не сплю ночами из-за этой игры, не скачивайте",True,1726901761,1726901761,1,0,0,russian,33720,8845,,False,False
224,175431587,76561199573834050,252490,"топ
",True,1726901644,1726901644,0,0,0,russian,3612,2944,,False,False
225,175431382,76561198128462931,252490,я сосал но не до сосал,True,1726901408,1726901408,0,0,0,russian,69466,2685,,False,False
226,175431346,76561199633945135,252490,можно подсиживать фулл мвк кланы с двушкой))) имба тема советую ),True,1726901365,1726901365,0,0,0,russian,4658,1708,,False,False
227,175430879,76561199421828604,252490,"Когда я вышел с пляжа я увидел дом из которого выходит человек.Он достал рокетницу и начал палить по мне я сбежал в лес,а за мной побежал волк.
Я убежал в мирный город и ко мне подошел человек который предлагал пойти с ним и говорил что даст ресов.
Зашел к нему домой а он сказал снимай броню и отдавай оружие,я нему отдал и он меня убил ножем и разделал меня(",True,1726900744,1726900744,0,0,1,russian,3807,2205,,False,False
228,175430662,76561199636530754,252490,обожаю фармить. весь смысл раст это фармить и отбивать рейды,True,1726900489,1726900489,0,0,0,russian,1333,1333,,False,False
229,175430217,76561199194774692,252490,this is the best game in the world to ever be made get this game you need it it is one of the non buggyest games ever its is gonna be goty(game of the year) one day,True,1726899920,1726899920,1,0,0,english,260,70,,False,False
230,175429769,76561199002901338,252490,LOVE THE TOXICITY AND THE PVE SERVERS! GRINDING THOUGH,True,1726899300,1726899300,1,0,0,english,615,615,,False,False
231,175429612,76561199489337338,252490,get gruby kids,True,1726899099,1726899099,0,0,0,english,10888,175,,False,False
232,175429217,76561198811414702,252490,"срешь - рейд,живешь личной жизнью - рейд, ставлю 10 рейдов из 10",True,1726898617,1726898617,1,0,0,russian,7104,67,,False,False
233,175429214,76561198069309111,252490,w,False,1726898614,1726898614,0,0,0,english,734,54,,False,False
234,175428908,76561199508261166,252490,игра топ всем советую,True,1726898272,1726898272,1,0,0,russian,2520,0,,False,False
235,175428867,76561199442194855,252490,"Игра топ чисто отошёл посрать а уже тебя рейдит клан китайцев из 20 человек ставлю 100  китайцев из 10!!!!    Теперь я жтво в дед доме 
",True,1726898197,1726898197,0,0,0,russian,6543,4010,,False,False
236,175428657,76561199548132822,252490,тут много негров,True,1726897956,1726897956,0,0,0,russian,75383,4937,,False,False
237,175428614,76561198428502663,252490,재미있습니다,True,1726897911,1726897911,0,0,0,koreana,39899,12097,,False,False
238,175427731,76561199628113530,252490,makes me wanna kms,False,1726896715,1726896715,1,0,0,english,13259,2797,,False,False
239,175426965,76561198356698419,252490,找不到一起玩的人。solo太孤独了,False,1726895769,1726895769,0,0,0,schinese,4297,0,,False,False
240,175426825,76561198420271768,252490,서버가 안나와 고쳐줘,False,1726895578,1726895578,0,0,0,koreana,25880,364,,False,False
241,175425606,76561198154374015,252490,:),True,1726894093,1726894093,0,0,0,english,51447,93,,False,False
242,175425384,76561198329684161,252490,its ight,True,1726893834,1726893834,0,0,0,english,14325,393,,False,False
243,175425359,76561199176183472,252490,"If you like collecting stuff , to collect stuff, to collect stuff.  then yes.. this is the game for you .",True,1726893805,1726893805,0,0,0,english,103952,3672,,False,False
244,175424476,76561199443239996,252490,хорошая игра,False,1726892717,1726892717,0,0,0,russian,2879,2384,,True,False
245,175424405,76561199109113849,252490,为啥搜不到服务器,False,1726892619,1726892619,0,0,0,schinese,4360,287,,False,False
246,175424030,76561199077426609,252490,"Если ты думаешь нужна ли тебе игра,однозначно нет пошел на карго? - рейд, пошел на оил - рейд, посрал - рейд",False,1726892194,1726892194,0,0,0,russian,117791,6297,,False,False
247,175423924,76561198984421353,252490,"gostozinho no azeite ,",True,1726892062,1726892062,0,0,0,brazilian,14661,57,,False,False
248,175423915,76561199696805074,252490,I HATE RUST,False,1726892049,1726892049,0,0,0,english,53012,9289,,False,False
249,175423068,76561199776479120,252490,топ игра зашел на сервак построил каменую хату и нп меня вызвали залп млрс,True,1726890921,1726890921,0,0,0,russian,1579,1579,,False,False
